Map,Algorithm,Run,Solved,Time_ms,Path_Cost,Path_Length,Expanded_Nodes,Generated_Nodes,Max_Frontier_Size
example_map.txt,UCS,1,True,396.07539999997243,34,34,39616,47846,8280
example_map.txt,UCS,2,True,392.5232000037795,34,34,39616,47846,8280
example_map.txt,UCS,3,True,411.362899991218,34,34,39616,47846,8280
example_map.txt,UCS,4,True,390.67290000093635,34,34,39616,47846,8280
example_map.txt,UCS,5,True,392.8617000055965,34,34,39616,47846,8280
example_map.txt,A*,1,True,644.0922000037972,34,34,6211,7688,1477
example_map.txt,A*,2,True,639.1695000056643,34,34,6211,7688,1477
example_map.txt,A*,3,True,657.1351999882609,34,34,6211,7688,1477
example_map.txt,A*,4,True,644.1947999992408,34,34,6211,7688,1477
example_map.txt,A*,5,True,641.1986000020988,34,34,6211,7688,1477
map_already_solved.txt,UCS,1,True,0.007499998901039362,0,0,0,1,1
map_already_solved.txt,UCS,2,True,0.003100009053014219,0,0,0,1,1
map_already_solved.txt,UCS,3,True,0.002800006768666208,0,0,0,1,1
map_already_solved.txt,UCS,4,True,0.0026000052457675338,0,0,0,1,1
map_already_solved.txt,UCS,5,True,0.0025999906938523054,0,0,0,1,1
map_already_solved.txt,A*,1,True,0.007700000423938036,0,0,0,1,1
map_already_solved.txt,A*,2,True,0.005699999746866524,0,0,0,1,1
map_already_solved.txt,A*,3,True,0.0051000097300857306,0,0,0,1,1
map_already_solved.txt,A*,4,True,0.005299996701069176,0,0,0,1,1
map_already_solved.txt,A*,5,True,0.005199995939619839,0,0,0,1,1
map_test.txt,UCS,1,True,0.10800000745803118,3,3,12,19,7
map_test.txt,UCS,2,True,0.09620000491850078,3,3,12,19,7
map_test.txt,UCS,3,True,0.09280000813305378,3,3,12,19,7
map_test.txt,UCS,4,True,0.09479999425821006,3,3,12,19,7
map_test.txt,UCS,5,True,0.0923999905353412,3,3,12,19,7
map_test.txt,A*,1,True,0.06849999772384763,3,3,6,14,8
map_test.txt,A*,2,True,0.06709998706355691,3,3,6,14,8
map_test.txt,A*,3,True,0.06600000779144466,3,3,6,14,8
map_test.txt,A*,4,True,0.06659999780822545,3,3,6,14,8
map_test.txt,A*,5,True,0.06600000779144466,3,3,6,14,8
map_two_boxes.txt,UCS,1,True,1.5827000024728477,8,8,189,281,94
map_two_boxes.txt,UCS,2,True,1.5189999976428226,8,8,189,281,94
map_two_boxes.txt,UCS,3,True,2.2262000129558146,8,8,189,281,94
map_two_boxes.txt,UCS,4,True,2.3646000045118853,8,8,189,281,94
map_two_boxes.txt,UCS,5,True,2.3462999961338937,8,8,189,281,94
map_two_boxes.txt,A*,1,True,1.0379000013926998,8,8,69,120,51
map_two_boxes.txt,A*,2,True,1.0154000046895817,8,8,69,120,51
map_two_boxes.txt,A*,3,True,1.0298999986844137,8,8,69,120,51
map_two_boxes.txt,A*,4,True,1.0257999965688214,8,8,69,120,51
map_two_boxes.txt,A*,5,True,1.0203999991063029,8,8,69,120,51
