Map,Property,State,Next_State,h_s,cost,h_next,h_star,Pass
example_map.txt,GoalZero,"Player: (4, 4), Boxes: [(2, 1), (3, 5), (4, 1), (5, 4), (6, 3), (6, 6), (7, 5)]",,0,,,0,True
example_map.txt,Admissibility,"Player: (2, 1), Boxes: [(2, 4), (3, 4), (4, 4), (6, 1), (6, 3), (6, 4), (6, 5)]",,10,,,35,True
example_map.txt,Admissibility,"Player: (3, 3), Boxes: [(2, 4), (3, 4), (4, 4), (6, 1), (6, 3), (6, 4), (6, 5)]",,10,,,34,True
example_map.txt,Admissibility,"Player: (2, 5), Boxes: [(2, 4), (3, 4), (4, 4), (6, 1), (6, 3), (6, 4), (6, 5)]",,10,,,29,True
example_map.txt,Admissibility,"Player: (1, 4), Boxes: [(2, 4), (3, 4), (4, 4), (6, 1), (6, 3), (6, 4), (6, 5)]",,10,,,31,True
example_map.txt,Admissibility,"Player: (2, 1), Boxes: [(2, 3), (3, 4), (4, 4), (6, 1), (6, 3), (6, 4), (6, 5)]",,9,,,35,True
example_map.txt,Admissibility,"Player: (1, 5), Boxes: [(2, 4), (3, 4), (4, 4), (6, 1), (6, 3), (6, 4), (6, 5)]",,10,,,30,True
example_map.txt,Admissibility,"Player: (2, 2), Boxes: [(2, 4), (3, 4), (4, 4), (6, 1), (6, 3), (6, 4), (6, 5)]",,10,,,34,True
example_map.txt,Admissibility,"Player: (2, 3), Boxes: [(2, 4), (3, 4), (4, 4), (6, 1), (6, 3), (6, 4), (6, 5)]",,10,,,33,True
example_map.txt,Admissibility,"Player: (1, 4), Boxes: [(2, 3), (3, 4), (4, 4), (6, 1), (6, 3), (6, 4), (6, 5)]",,9,,,31,True
example_map.txt,Admissibility,"Player: (2, 4), Boxes: [(2, 3), (3, 4), (4, 4), (6, 1), (6, 3), (6, 4), (6, 5)]",,9,,,30,True
example_map.txt,Admissibility,"Player: (1, 3), Boxes: [(2, 4), (3, 4), (4, 4), (6, 1), (6, 3), (6, 4), (6, 5)]",,10,,,32,True
example_map.txt,Admissibility,"Player: (2, 2), Boxes: [(2, 3), (3, 4), (4, 4), (6, 1), (6, 3), (6, 4), (6, 5)]",,9,,,34,True
example_map.txt,Admissibility,"Player: (3, 5), Boxes: [(2, 4), (3, 4), (4, 4), (6, 1), (6, 3), (6, 4), (6, 5)]",,10,,,28,True
example_map.txt,Consistency,"Player: (2, 2), Boxes: [(2, 3), (3, 4), (4, 4), (6, 1), (6, 3), (6, 4), (6, 5)]","Player: (2, 3), Boxes: [(2, 4), (3, 4), (4, 4), (6, 1), (6, 3), (6, 4), (6, 5)]",9,1,10,,True
example_map.txt,Consistency,"Player: (2, 2), Boxes: [(2, 3), (3, 4), (4, 4), (6, 1), (6, 3), (6, 4), (6, 5)]","Player: (2, 1), Boxes: [(2, 3), (3, 4), (4, 4), (6, 1), (6, 3), (6, 4), (6, 5)]",9,1,9,,True
example_map.txt,Consistency,"Player: (2, 3), Boxes: [(2, 4), (3, 4), (4, 4), (6, 1), (6, 3), (6, 4), (6, 5)]","Player: (1, 3), Boxes: [(2, 4), (3, 4), (4, 4), (6, 1), (6, 3), (6, 4), (6, 5)]",10,1,10,,True
example_map.txt,Consistency,"Player: (2, 3), Boxes: [(2, 4), (3, 4), (4, 4), (6, 1), (6, 3), (6, 4), (6, 5)]","Player: (2, 4), Boxes: [(2, 5), (3, 4), (4, 4), (6, 1), (6, 3), (6, 4), (6, 5)]",10,1,11,,True
example_map.txt,Consistency,"Player: (2, 3), Boxes: [(2, 4), (3, 4), (4, 4), (6, 1), (6, 3), (6, 4), (6, 5)]","Player: (2, 2), Boxes: [(2, 4), (3, 4), (4, 4), (6, 1), (6, 3), (6, 4), (6, 5)]",10,1,10,,True
example_map.txt,Consistency,"Player: (2, 3), Boxes: [(2, 4), (3, 4), (4, 4), (6, 1), (6, 3), (6, 4), (6, 5)]","Player: (3, 3), Boxes: [(2, 4), (3, 4), (4, 4), (6, 1), (6, 3), (6, 4), (6, 5)]",10,1,10,,True
example_map.txt,Consistency,"Player: (2, 1), Boxes: [(2, 3), (3, 4), (4, 4), (6, 1), (6, 3), (6, 4), (6, 5)]","Player: (2, 2), Boxes: [(2, 3), (3, 4), (4, 4), (6, 1), (6, 3), (6, 4), (6, 5)]",9,1,9,,True
example_map.txt,Consistency,"Player: (1, 3), Boxes: [(2, 4), (3, 4), (4, 4), (6, 1), (6, 3), (6, 4), (6, 5)]","Player: (1, 4), Boxes: [(2, 4), (3, 4), (4, 4), (6, 1), (6, 3), (6, 4), (6, 5)]",10,1,10,,True
example_map.txt,Consistency,"Player: (1, 3), Boxes: [(2, 4), (3, 4), (4, 4), (6, 1), (6, 3), (6, 4), (6, 5)]","Player: (2, 3), Boxes: [(2, 4), (3, 4), (4, 4), (6, 1), (6, 3), (6, 4), (6, 5)]",10,1,10,,True
example_map.txt,Consistency,"Player: (2, 4), Boxes: [(2, 5), (3, 4), (4, 4), (6, 1), (6, 3), (6, 4), (6, 5)]","Player: (1, 4), Boxes: [(2, 5), (3, 4), (4, 4), (6, 1), (6, 3), (6, 4), (6, 5)]",11,1,11,,True
example_map.txt,Consistency,"Player: (2, 4), Boxes: [(2, 5), (3, 4), (4, 4), (6, 1), (6, 3), (6, 4), (6, 5)]","Player: (2, 3), Boxes: [(2, 5), (3, 4), (4, 4), (6, 1), (6, 3), (6, 4), (6, 5)]",11,1,11,,True
example_map.txt,Consistency,"Player: (2, 2), Boxes: [(2, 4), (3, 4), (4, 4), (6, 1), (6, 3), (6, 4), (6, 5)]","Player: (2, 3), Boxes: [(2, 4), (3, 4), (4, 4), (6, 1), (6, 3), (6, 4), (6, 5)]",10,1,10,,True
example_map.txt,Consistency,"Player: (2, 2), Boxes: [(2, 4), (3, 4), (4, 4), (6, 1), (6, 3), (6, 4), (6, 5)]","Player: (2, 1), Boxes: [(2, 4), (3, 4), (4, 4), (6, 1), (6, 3), (6, 4), (6, 5)]",10,1,10,,True
example_map.txt,Consistency,"Player: (3, 3), Boxes: [(2, 4), (3, 4), (4, 4), (6, 1), (6, 3), (6, 4), (6, 5)]","Player: (2, 3), Boxes: [(2, 4), (3, 4), (4, 4), (6, 1), (6, 3), (6, 4), (6, 5)]",10,1,10,,True
example_map.txt,Consistency,"Player: (3, 3), Boxes: [(2, 4), (3, 4), (4, 4), (6, 1), (6, 3), (6, 4), (6, 5)]","Player: (3, 4), Boxes: [(2, 4), (3, 5), (4, 4), (6, 1), (6, 3), (6, 4), (6, 5)]",10,1,9,,True
example_map.txt,Consistency,"Player: (1, 4), Boxes: [(2, 4), (3, 4), (4, 4), (6, 1), (6, 3), (6, 4), (6, 5)]","Player: (1, 5), Boxes: [(2, 4), (3, 4), (4, 4), (6, 1), (6, 3), (6, 4), (6, 5)]",10,1,10,,True
example_map.txt,Consistency,"Player: (1, 4), Boxes: [(2, 4), (3, 4), (4, 4), (6, 1), (6, 3), (6, 4), (6, 5)]","Player: (1, 3), Boxes: [(2, 4), (3, 4), (4, 4), (6, 1), (6, 3), (6, 4), (6, 5)]",10,1,10,,True
example_map.txt,Consistency,"Player: (1, 4), Boxes: [(2, 5), (3, 4), (4, 4), (6, 1), (6, 3), (6, 4), (6, 5)]","Player: (1, 5), Boxes: [(2, 5), (3, 4), (4, 4), (6, 1), (6, 3), (6, 4), (6, 5)]",11,1,11,,True
example_map.txt,Consistency,"Player: (1, 4), Boxes: [(2, 5), (3, 4), (4, 4), (6, 1), (6, 3), (6, 4), (6, 5)]","Player: (1, 3), Boxes: [(2, 5), (3, 4), (4, 4), (6, 1), (6, 3), (6, 4), (6, 5)]",11,1,11,,True
example_map.txt,Consistency,"Player: (1, 4), Boxes: [(2, 5), (3, 4), (4, 4), (6, 1), (6, 3), (6, 4), (6, 5)]","Player: (2, 4), Boxes: [(2, 5), (3, 4), (4, 4), (6, 1), (6, 3), (6, 4), (6, 5)]",11,1,11,,True
example_map.txt,Consistency,"Player: (2, 3), Boxes: [(2, 5), (3, 4), (4, 4), (6, 1), (6, 3), (6, 4), (6, 5)]","Player: (1, 3), Boxes: [(2, 5), (3, 4), (4, 4), (6, 1), (6, 3), (6, 4), (6, 5)]",11,1,11,,True
example_map.txt,Consistency,"Player: (2, 3), Boxes: [(2, 5), (3, 4), (4, 4), (6, 1), (6, 3), (6, 4), (6, 5)]","Player: (2, 4), Boxes: [(2, 5), (3, 4), (4, 4), (6, 1), (6, 3), (6, 4), (6, 5)]",11,1,11,,True
example_map.txt,Consistency,"Player: (2, 3), Boxes: [(2, 5), (3, 4), (4, 4), (6, 1), (6, 3), (6, 4), (6, 5)]","Player: (2, 2), Boxes: [(2, 5), (3, 4), (4, 4), (6, 1), (6, 3), (6, 4), (6, 5)]",11,1,11,,True
example_map.txt,Consistency,"Player: (2, 3), Boxes: [(2, 5), (3, 4), (4, 4), (6, 1), (6, 3), (6, 4), (6, 5)]","Player: (3, 3), Boxes: [(2, 5), (3, 4), (4, 4), (6, 1), (6, 3), (6, 4), (6, 5)]",11,1,11,,True
example_map.txt,Consistency,"Player: (2, 1), Boxes: [(2, 4), (3, 4), (4, 4), (6, 1), (6, 3), (6, 4), (6, 5)]","Player: (2, 2), Boxes: [(2, 4), (3, 4), (4, 4), (6, 1), (6, 3), (6, 4), (6, 5)]",10,1,10,,True
example_map.txt,Consistency,"Player: (3, 4), Boxes: [(2, 4), (3, 5), (4, 4), (6, 1), (6, 3), (6, 4), (6, 5)]","Player: (3, 3), Boxes: [(2, 4), (3, 5), (4, 4), (6, 1), (6, 3), (6, 4), (6, 5)]",9,1,9,,True
example_map.txt,Consistency,"Player: (3, 4), Boxes: [(2, 4), (3, 5), (4, 4), (6, 1), (6, 3), (6, 4), (6, 5)]","Player: (4, 4), Boxes: [(2, 4), (3, 5), (5, 4), (6, 1), (6, 3), (6, 4), (6, 5)]",9,1,8,,True
example_map.txt,Consistency,"Player: (1, 5), Boxes: [(2, 4), (3, 4), (4, 4), (6, 1), (6, 3), (6, 4), (6, 5)]","Player: (1, 4), Boxes: [(2, 4), (3, 4), (4, 4), (6, 1), (6, 3), (6, 4), (6, 5)]",10,1,10,,True
example_map.txt,Consistency,"Player: (1, 5), Boxes: [(2, 4), (3, 4), (4, 4), (6, 1), (6, 3), (6, 4), (6, 5)]","Player: (2, 5), Boxes: [(2, 4), (3, 4), (4, 4), (6, 1), (6, 3), (6, 4), (6, 5)]",10,1,10,,True
example_map.txt,Consistency,"Player: (1, 5), Boxes: [(2, 5), (3, 4), (4, 4), (6, 1), (6, 3), (6, 4), (6, 5)]","Player: (1, 4), Boxes: [(2, 5), (3, 4), (4, 4), (6, 1), (6, 3), (6, 4), (6, 5)]",11,1,11,,True
example_map.txt,Consistency,"Player: (1, 5), Boxes: [(2, 5), (3, 4), (4, 4), (6, 1), (6, 3), (6, 4), (6, 5)]","Player: (2, 5), Boxes: [(3, 4), (3, 5), (4, 4), (6, 1), (6, 3), (6, 4), (6, 5)]",11,1,10,,True
example_map.txt,Consistency,"Player: (1, 3), Boxes: [(2, 5), (3, 4), (4, 4), (6, 1), (6, 3), (6, 4), (6, 5)]","Player: (1, 4), Boxes: [(2, 5), (3, 4), (4, 4), (6, 1), (6, 3), (6, 4), (6, 5)]",11,1,11,,True
example_map.txt,Consistency,"Player: (1, 3), Boxes: [(2, 5), (3, 4), (4, 4), (6, 1), (6, 3), (6, 4), (6, 5)]","Player: (2, 3), Boxes: [(2, 5), (3, 4), (4, 4), (6, 1), (6, 3), (6, 4), (6, 5)]",11,1,11,,True
example_map.txt,Consistency,"Player: (2, 2), Boxes: [(2, 5), (3, 4), (4, 4), (6, 1), (6, 3), (6, 4), (6, 5)]","Player: (2, 3), Boxes: [(2, 5), (3, 4), (4, 4), (6, 1), (6, 3), (6, 4), (6, 5)]",11,1,11,,True
example_map.txt,Consistency,"Player: (2, 2), Boxes: [(2, 5), (3, 4), (4, 4), (6, 1), (6, 3), (6, 4), (6, 5)]","Player: (2, 1), Boxes: [(2, 5), (3, 4), (4, 4), (6, 1), (6, 3), (6, 4), (6, 5)]",11,1,11,,True
example_map.txt,Consistency,"Player: (3, 3), Boxes: [(2, 5), (3, 4), (4, 4), (6, 1), (6, 3), (6, 4), (6, 5)]","Player: (2, 3), Boxes: [(2, 5), (3, 4), (4, 4), (6, 1), (6, 3), (6, 4), (6, 5)]",11,1,11,,True
example_map.txt,Consistency,"Player: (3, 3), Boxes: [(2, 5), (3, 4), (4, 4), (6, 1), (6, 3), (6, 4), (6, 5)]","Player: (3, 4), Boxes: [(2, 5), (3, 5), (4, 4), (6, 1), (6, 3), (6, 4), (6, 5)]",11,1,14,,True
example_map.txt,Consistency,"Player: (3, 3), Boxes: [(2, 4), (3, 5), (4, 4), (6, 1), (6, 3), (6, 4), (6, 5)]","Player: (2, 3), Boxes: [(2, 4), (3, 5), (4, 4), (6, 1), (6, 3), (6, 4), (6, 5)]",9,1,9,,True
example_map.txt,Consistency,"Player: (3, 3), Boxes: [(2, 4), (3, 5), (4, 4), (6, 1), (6, 3), (6, 4), (6, 5)]","Player: (3, 4), Boxes: [(2, 4), (3, 5), (4, 4), (6, 1), (6, 3), (6, 4), (6, 5)]",9,1,9,,True
example_map.txt,Consistency,"Player: (4, 4), Boxes: [(2, 4), (3, 5), (5, 4), (6, 1), (6, 3), (6, 4), (6, 5)]","Player: (3, 4), Boxes: [(2, 4), (3, 5), (5, 4), (6, 1), (6, 3), (6, 4), (6, 5)]",8,1,8,,True
example_map.txt,Consistency,"Player: (4, 4), Boxes: [(2, 4), (3, 5), (5, 4), (6, 1), (6, 3), (6, 4), (6, 5)]","Player: (4, 5), Boxes: [(2, 4), (3, 5), (5, 4), (6, 1), (6, 3), (6, 4), (6, 5)]",8,1,8,,True
example_map.txt,Consistency,"Player: (2, 5), Boxes: [(2, 4), (3, 4), (4, 4), (6, 1), (6, 3), (6, 4), (6, 5)]","Player: (1, 5), Boxes: [(2, 4), (3, 4), (4, 4), (6, 1), (6, 3), (6, 4), (6, 5)]",10,1,10,,True
example_map.txt,Consistency,"Player: (2, 5), Boxes: [(2, 4), (3, 4), (4, 4), (6, 1), (6, 3), (6, 4), (6, 5)]","Player: (2, 4), Boxes: [(2, 3), (3, 4), (4, 4), (6, 1), (6, 3), (6, 4), (6, 5)]",10,1,9,,True
example_map.txt,Consistency,"Player: (2, 5), Boxes: [(2, 4), (3, 4), (4, 4), (6, 1), (6, 3), (6, 4), (6, 5)]","Player: (3, 5), Boxes: [(2, 4), (3, 4), (4, 4), (6, 1), (6, 3), (6, 4), (6, 5)]",10,1,10,,True
example_map.txt,Consistency,"Player: (2, 5), Boxes: [(3, 4), (3, 5), (4, 4), (6, 1), (6, 3), (6, 4), (6, 5)]","Player: (1, 5), Boxes: [(3, 4), (3, 5), (4, 4), (6, 1), (6, 3), (6, 4), (6, 5)]",10,1,10,,True
example_map.txt,Consistency,"Player: (2, 5), Boxes: [(3, 4), (3, 5), (4, 4), (6, 1), (6, 3), (6, 4), (6, 5)]","Player: (2, 4), Boxes: [(3, 4), (3, 5), (4, 4), (6, 1), (6, 3), (6, 4), (6, 5)]",10,1,10,,True
example_map.txt,Consistency,"Player: (2, 5), Boxes: [(3, 4), (3, 5), (4, 4), (6, 1), (6, 3), (6, 4), (6, 5)]","Player: (3, 5), Boxes: [(3, 4), (4, 4), (4, 5), (6, 1), (6, 3), (6, 4), (6, 5)]",10,1,11,,True
example_map.txt,Consistency,"Player: (2, 1), Boxes: [(2, 5), (3, 4), (4, 4), (6, 1), (6, 3), (6, 4), (6, 5)]","Player: (2, 2), Boxes: [(2, 5), (3, 4), (4, 4), (6, 1), (6, 3), (6, 4), (6, 5)]",11,1,11,,True
example_map.txt,Consistency,"Player: (3, 4), Boxes: [(2, 5), (3, 5), (4, 4), (6, 1), (6, 3), (6, 4), (6, 5)]","Player: (2, 4), Boxes: [(2, 5), (3, 5), (4, 4), (6, 1), (6, 3), (6, 4), (6, 5)]",14,1,14,,True
example_map.txt,Consistency,"Player: (3, 4), Boxes: [(2, 5), (3, 5), (4, 4), (6, 1), (6, 3), (6, 4), (6, 5)]","Player: (3, 3), Boxes: [(2, 5), (3, 5), (4, 4), (6, 1), (6, 3), (6, 4), (6, 5)]",14,1,14,,True
example_map.txt,Consistency,"Player: (3, 4), Boxes: [(2, 5), (3, 5), (4, 4), (6, 1), (6, 3), (6, 4), (6, 5)]","Player: (4, 4), Boxes: [(2, 5), (3, 5), (5, 4), (6, 1), (6, 3), (6, 4), (6, 5)]",14,1,15,,True
example_map.txt,Consistency,"Player: (2, 3), Boxes: [(2, 4), (3, 5), (4, 4), (6, 1), (6, 3), (6, 4), (6, 5)]","Player: (1, 3), Boxes: [(2, 4), (3, 5), (4, 4), (6, 1), (6, 3), (6, 4), (6, 5)]",9,1,9,,True
example_map.txt,Consistency,"Player: (2, 3), Boxes: [(2, 4), (3, 5), (4, 4), (6, 1), (6, 3), (6, 4), (6, 5)]","Player: (2, 4), Boxes: [(2, 5), (3, 5), (4, 4), (6, 1), (6, 3), (6, 4), (6, 5)]",9,1,14,,True
example_map.txt,Consistency,"Player: (2, 3), Boxes: [(2, 4), (3, 5), (4, 4), (6, 1), (6, 3), (6, 4), (6, 5)]","Player: (2, 2), Boxes: [(2, 4), (3, 5), (4, 4), (6, 1), (6, 3), (6, 4), (6, 5)]",9,1,9,,True
example_map.txt,Consistency,"Player: (2, 3), Boxes: [(2, 4), (3, 5), (4, 4), (6, 1), (6, 3), (6, 4), (6, 5)]","Player: (3, 3), Boxes: [(2, 4), (3, 5), (4, 4), (6, 1), (6, 3), (6, 4), (6, 5)]",9,1,9,,True
example_map.txt,Consistency,"Player: (3, 4), Boxes: [(2, 4), (3, 5), (5, 4), (6, 1), (6, 3), (6, 4), (6, 5)]","Player: (3, 3), Boxes: [(2, 4), (3, 5), (5, 4), (6, 1), (6, 3), (6, 4), (6, 5)]",8,1,8,,True
example_map.txt,Consistency,"Player: (3, 4), Boxes: [(2, 4), (3, 5), (5, 4), (6, 1), (6, 3), (6, 4), (6, 5)]","Player: (4, 4), Boxes: [(2, 4), (3, 5), (5, 4), (6, 1), (6, 3), (6, 4), (6, 5)]",8,1,8,,True
example_map.txt,Consistency,"Player: (4, 5), Boxes: [(2, 4), (3, 5), (5, 4), (6, 1), (6, 3), (6, 4), (6, 5)]","Player: (3, 5), Boxes: [(2, 4), (2, 5), (5, 4), (6, 1), (6, 3), (6, 4), (6, 5)]",8,1,9,,True
example_map.txt,Consistency,"Player: (4, 5), Boxes: [(2, 4), (3, 5), (5, 4), (6, 1), (6, 3), (6, 4), (6, 5)]","Player: (4, 4), Boxes: [(2, 4), (3, 5), (5, 4), (6, 1), (6, 3), (6, 4), (6, 5)]",8,1,8,,True
example_map.txt,Consistency,"Player: (4, 5), Boxes: [(2, 4), (3, 5), (5, 4), (6, 1), (6, 3), (6, 4), (6, 5)]","Player: (5, 5), Boxes: [(2, 4), (3, 5), (5, 4), (6, 1), (6, 3), (6, 4), (6, 5)]",8,1,8,,True
example_map.txt,Consistency,"Player: (2, 4), Boxes: [(2, 3), (3, 4), (4, 4), (6, 1), (6, 3), (6, 4), (6, 5)]","Player: (1, 4), Boxes: [(2, 3), (3, 4), (4, 4), (6, 1), (6, 3), (6, 4), (6, 5)]",9,1,9,,True
example_map.txt,Consistency,"Player: (2, 4), Boxes: [(2, 3), (3, 4), (4, 4), (6, 1), (6, 3), (6, 4), (6, 5)]","Player: (2, 5), Boxes: [(2, 3), (3, 4), (4, 4), (6, 1), (6, 3), (6, 4), (6, 5)]",9,1,9,,True
example_map.txt,Consistency,"Player: (2, 4), Boxes: [(2, 3), (3, 4), (4, 4), (6, 1), (6, 3), (6, 4), (6, 5)]","Player: (2, 3), Boxes: [(2, 2), (3, 4), (4, 4), (6, 1), (6, 3), (6, 4), (6, 5)]",9,1,8,,True
example_map.txt,Consistency,"Player: (3, 5), Boxes: [(2, 4), (3, 4), (4, 4), (6, 1), (6, 3), (6, 4), (6, 5)]","Player: (2, 5), Boxes: [(2, 4), (3, 4), (4, 4), (6, 1), (6, 3), (6, 4), (6, 5)]",10,1,10,,True
example_map.txt,Consistency,"Player: (3, 5), Boxes: [(2, 4), (3, 4), (4, 4), (6, 1), (6, 3), (6, 4), (6, 5)]","Player: (4, 5), Boxes: [(2, 4), (3, 4), (4, 4), (6, 1), (6, 3), (6, 4), (6, 5)]",10,1,10,,True
example_map.txt,Consistency,"Player: (1, 5), Boxes: [(3, 4), (3, 5), (4, 4), (6, 1), (6, 3), (6, 4), (6, 5)]","Player: (1, 4), Boxes: [(3, 4), (3, 5), (4, 4), (6, 1), (6, 3), (6, 4), (6, 5)]",10,1,10,,True
example_map.txt,Consistency,"Player: (1, 5), Boxes: [(3, 4), (3, 5), (4, 4), (6, 1), (6, 3), (6, 4), (6, 5)]","Player: (2, 5), Boxes: [(3, 4), (3, 5), (4, 4), (6, 1), (6, 3), (6, 4), (6, 5)]",10,1,10,,True
example_map.txt,Consistency,"Player: (2, 4), Boxes: [(3, 4), (3, 5), (4, 4), (6, 1), (6, 3), (6, 4), (6, 5)]","Player: (1, 4), Boxes: [(3, 4), (3, 5), (4, 4), (6, 1), (6, 3), (6, 4), (6, 5)]",10,1,10,,True
example_map.txt,Consistency,"Player: (2, 4), Boxes: [(3, 4), (3, 5), (4, 4), (6, 1), (6, 3), (6, 4), (6, 5)]","Player: (2, 5), Boxes: [(3, 4), (3, 5), (4, 4), (6, 1), (6, 3), (6, 4), (6, 5)]",10,1,10,,True
example_map.txt,Consistency,"Player: (2, 4), Boxes: [(3, 4), (3, 5), (4, 4), (6, 1), (6, 3), (6, 4), (6, 5)]","Player: (2, 3), Boxes: [(3, 4), (3, 5), (4, 4), (6, 1), (6, 3), (6, 4), (6, 5)]",10,1,10,,True
example_map.txt,Consistency,"Player: (3, 5), Boxes: [(3, 4), (4, 4), (4, 5), (6, 1), (6, 3), (6, 4), (6, 5)]","Player: (2, 5), Boxes: [(3, 4), (4, 4), (4, 5), (6, 1), (6, 3), (6, 4), (6, 5)]",11,1,11,,True
example_map.txt,Consistency,"Player: (3, 5), Boxes: [(3, 4), (4, 4), (4, 5), (6, 1), (6, 3), (6, 4), (6, 5)]","Player: (4, 5), Boxes: [(3, 4), (4, 4), (5, 5), (6, 1), (6, 3), (6, 4), (6, 5)]",11,1,12,,True
example_map.txt,Consistency,"Player: (2, 4), Boxes: [(2, 5), (3, 5), (4, 4), (6, 1), (6, 3), (6, 4), (6, 5)]","Player: (1, 4), Boxes: [(2, 5), (3, 5), (4, 4), (6, 1), (6, 3), (6, 4), (6, 5)]",14,1,14,,True
example_map.txt,Consistency,"Player: (2, 4), Boxes: [(2, 5), (3, 5), (4, 4), (6, 1), (6, 3), (6, 4), (6, 5)]","Player: (2, 3), Boxes: [(2, 5), (3, 5), (4, 4), (6, 1), (6, 3), (6, 4), (6, 5)]",14,1,14,,True
example_map.txt,Consistency,"Player: (2, 4), Boxes: [(2, 5), (3, 5), (4, 4), (6, 1), (6, 3), (6, 4), (6, 5)]","Player: (3, 4), Boxes: [(2, 5), (3, 5), (4, 4), (6, 1), (6, 3), (6, 4), (6, 5)]",14,1,14,,True
example_map.txt,Consistency,"Player: (3, 3), Boxes: [(2, 5), (3, 5), (4, 4), (6, 1), (6, 3), (6, 4), (6, 5)]","Player: (2, 3), Boxes: [(2, 5), (3, 5), (4, 4), (6, 1), (6, 3), (6, 4), (6, 5)]",14,1,14,,True
example_map.txt,Consistency,"Player: (3, 3), Boxes: [(2, 5), (3, 5), (4, 4), (6, 1), (6, 3), (6, 4), (6, 5)]","Player: (3, 4), Boxes: [(2, 5), (3, 5), (4, 4), (6, 1), (6, 3), (6, 4), (6, 5)]",14,1,14,,True
example_map.txt,Consistency,"Player: (4, 4), Boxes: [(2, 5), (3, 5), (5, 4), (6, 1), (6, 3), (6, 4), (6, 5)]","Player: (3, 4), Boxes: [(2, 5), (3, 5), (5, 4), (6, 1), (6, 3), (6, 4), (6, 5)]",15,1,15,,True
example_map.txt,Consistency,"Player: (4, 4), Boxes: [(2, 5), (3, 5), (5, 4), (6, 1), (6, 3), (6, 4), (6, 5)]","Player: (4, 5), Boxes: [(2, 5), (3, 5), (5, 4), (6, 1), (6, 3), (6, 4), (6, 5)]",15,1,15,,True
example_map.txt,Consistency,"Player: (1, 3), Boxes: [(2, 4), (3, 5), (4, 4), (6, 1), (6, 3), (6, 4), (6, 5)]","Player: (1, 4), Boxes: [(2, 4), (3, 5), (4, 4), (6, 1), (6, 3), (6, 4), (6, 5)]",9,1,9,,True
example_map.txt,Consistency,"Player: (1, 3), Boxes: [(2, 4), (3, 5), (4, 4), (6, 1), (6, 3), (6, 4), (6, 5)]","Player: (2, 3), Boxes: [(2, 4), (3, 5), (4, 4), (6, 1), (6, 3), (6, 4), (6, 5)]",9,1,9,,True
example_map.txt,Consistency,"Player: (2, 2), Boxes: [(2, 4), (3, 5), (4, 4), (6, 1), (6, 3), (6, 4), (6, 5)]","Player: (2, 3), Boxes: [(2, 4), (3, 5), (4, 4), (6, 1), (6, 3), (6, 4), (6, 5)]",9,1,9,,True
example_map.txt,Consistency,"Player: (2, 2), Boxes: [(2, 4), (3, 5), (4, 4), (6, 1), (6, 3), (6, 4), (6, 5)]","Player: (2, 1), Boxes: [(2, 4), (3, 5), (4, 4), (6, 1), (6, 3), (6, 4), (6, 5)]",9,1,9,,True
example_map.txt,Consistency,"Player: (3, 3), Boxes: [(2, 4), (3, 5), (5, 4), (6, 1), (6, 3), (6, 4), (6, 5)]","Player: (2, 3), Boxes: [(2, 4), (3, 5), (5, 4), (6, 1), (6, 3), (6, 4), (6, 5)]",8,1,8,,True
example_map.txt,Consistency,"Player: (3, 3), Boxes: [(2, 4), (3, 5), (5, 4), (6, 1), (6, 3), (6, 4), (6, 5)]","Player: (3, 4), Boxes: [(2, 4), (3, 5), (5, 4), (6, 1), (6, 3), (6, 4), (6, 5)]",8,1,8,,True
example_map.txt,Consistency,"Player: (3, 5), Boxes: [(2, 4), (2, 5), (5, 4), (6, 1), (6, 3), (6, 4), (6, 5)]","Player: (3, 4), Boxes: [(2, 4), (2, 5), (5, 4), (6, 1), (6, 3), (6, 4), (6, 5)]",9,1,9,,True
example_map.txt,Consistency,"Player: (3, 5), Boxes: [(2, 4), (2, 5), (5, 4), (6, 1), (6, 3), (6, 4), (6, 5)]","Player: (4, 5), Boxes: [(2, 4), (2, 5), (5, 4), (6, 1), (6, 3), (6, 4), (6, 5)]",9,1,9,,True
example_map.txt,Consistency,"Player: (5, 5), Boxes: [(2, 4), (3, 5), (5, 4), (6, 1), (6, 3), (6, 4), (6, 5)]","Player: (4, 5), Boxes: [(2, 4), (3, 5), (5, 4), (6, 1), (6, 3), (6, 4), (6, 5)]",8,1,8,,True
example_map.txt,Consistency,"Player: (5, 5), Boxes: [(2, 4), (3, 5), (5, 4), (6, 1), (6, 3), (6, 4), (6, 5)]","Player: (6, 5), Boxes: [(2, 4), (3, 5), (5, 4), (6, 1), (6, 3), (6, 4), (7, 5)]",8,1,7,,True
example_map.txt,Consistency,"Player: (1, 4), Boxes: [(2, 3), (3, 4), (4, 4), (6, 1), (6, 3), (6, 4), (6, 5)]","Player: (1, 5), Boxes: [(2, 3), (3, 4), (4, 4), (6, 1), (6, 3), (6, 4), (6, 5)]",9,1,9,,True
example_map.txt,Consistency,"Player: (1, 4), Boxes: [(2, 3), (3, 4), (4, 4), (6, 1), (6, 3), (6, 4), (6, 5)]","Player: (1, 3), Boxes: [(2, 3), (3, 4), (4, 4), (6, 1), (6, 3), (6, 4), (6, 5)]",9,1,9,,True
example_map.txt,Consistency,"Player: (1, 4), Boxes: [(2, 3), (3, 4), (4, 4), (6, 1), (6, 3), (6, 4), (6, 5)]","Player: (2, 4), Boxes: [(2, 3), (3, 4), (4, 4), (6, 1), (6, 3), (6, 4), (6, 5)]",9,1,9,,True
map_already_solved.txt,GoalZero,"Player: (1, 1), Boxes: [(1, 2)]",,0,,,0,True
map_already_solved.txt,Admissibility,"Player: (1, 1), Boxes: [(1, 2)]",,0,,,0,True
map_test.txt,GoalZero,"Player: (2, 5), Boxes: [(2, 6)]",,0,,,0,True
map_test.txt,Admissibility,"Player: (1, 3), Boxes: [(2, 5)]",,1,,,3,True
map_test.txt,Admissibility,"Player: (3, 6), Boxes: [(2, 5)]",,1,,,4,True
map_test.txt,Admissibility,"Player: (3, 5), Boxes: [(2, 5)]",,1,,,3,True
map_test.txt,Admissibility,"Player: (2, 2), Boxes: [(2, 4)]",,2,,,3,True
map_test.txt,Admissibility,"Player: (2, 1), Boxes: [(2, 5)]",,1,,,4,True
map_test.txt,Admissibility,"Player: (1, 4), Boxes: [(2, 6)]",,0,,,0,True
map_test.txt,Admissibility,"Player: (2, 5), Boxes: [(2, 6)]",,0,,,0,True
map_test.txt,Admissibility,"Player: (1, 5), Boxes: [(2, 4)]",,2,,,5,True
map_test.txt,Admissibility,"Player: (1, 6), Boxes: [(2, 5)]",,1,,,4,True
map_test.txt,Admissibility,"Player: (2, 4), Boxes: [(2, 6)]",,0,,,0,True
map_test.txt,Admissibility,"Player: (2, 3), Boxes: [(2, 4)]",,2,,,2,True
map_test.txt,Admissibility,"Player: (3, 2), Boxes: [(2, 4)]",,2,,,4,True
map_test.txt,Admissibility,"Player: (1, 2), Boxes: [(2, 5)]",,1,,,4,True
map_test.txt,Admissibility,"Player: (3, 4), Boxes: [(2, 4)]",,2,,,4,True
map_test.txt,Admissibility,"Player: (3, 3), Boxes: [(2, 5)]",,1,,,3,True
map_test.txt,Admissibility,"Player: (1, 4), Boxes: [(2, 5)]",,1,,,2,True
map_test.txt,Admissibility,"Player: (2, 4), Boxes: [(2, 5)]",,1,,,1,True
map_test.txt,Admissibility,"Player: (1, 5), Boxes: [(2, 6)]",,0,,,0,True
map_test.txt,Admissibility,"Player: (2, 3), Boxes: [(2, 6)]",,0,,,0,True
map_test.txt,Admissibility,"Player: (1, 3), Boxes: [(2, 4)]",,2,,,3,True
map_test.txt,Admissibility,"Player: (3, 6), Boxes: [(2, 4)]",,2,,,6,True
map_test.txt,Admissibility,"Player: (3, 5), Boxes: [(2, 4)]",,2,,,5,True
map_test.txt,Admissibility,"Player: (2, 6), Boxes: [(2, 4)]",,2,,,7,True
map_test.txt,Admissibility,"Player: (2, 1), Boxes: [(2, 4)]",,2,,,4,True
map_test.txt,Admissibility,"Player: (2, 2), Boxes: [(2, 5)]",,1,,,3,True
map_test.txt,Admissibility,"Player: (3, 4), Boxes: [(2, 6)]",,0,,,0,True
map_test.txt,Admissibility,"Player: (1, 6), Boxes: [(2, 4)]",,2,,,6,True
map_test.txt,Admissibility,"Player: (1, 5), Boxes: [(2, 5)]",,1,,,3,True
map_test.txt,Admissibility,"Player: (1, 1), Boxes: [(2, 4)]",,2,,,5,True
map_test.txt,Admissibility,"Player: (2, 3), Boxes: [(2, 5)]",,1,,,2,True
map_test.txt,Admissibility,"Player: (3, 1), Boxes: [(2, 4)]",,2,,,5,True
map_test.txt,Admissibility,"Player: (3, 2), Boxes: [(2, 5)]",,1,,,4,True
map_test.txt,Admissibility,"Player: (1, 2), Boxes: [(2, 4)]",,2,,,4,True
map_test.txt,Admissibility,"Player: (3, 6), Boxes: [(2, 6)]",,0,,,0,True
map_test.txt,Admissibility,"Player: (3, 3), Boxes: [(2, 4)]",,2,,,3,True
map_test.txt,Admissibility,"Player: (3, 4), Boxes: [(2, 5)]",,1,,,2,True
map_test.txt,Admissibility,"Player: (1, 4), Boxes: [(2, 4)]",,2,,,4,True
map_test.txt,Admissibility,"Player: (3, 5), Boxes: [(2, 6)]",,0,,,0,True
map_test.txt,Admissibility,"Player: (2, 5), Boxes: [(2, 4)]",,2,,,6,True
map_test.txt,Admissibility,"Player: (1, 6), Boxes: [(2, 6)]",,0,,,0,True
map_test.txt,Consistency,"Player: (2, 2), Boxes: [(2, 4)]","Player: (1, 2), Boxes: [(2, 4)]",2,1,2,,True
map_test.txt,Consistency,"Player: (2, 2), Boxes: [(2, 4)]","Player: (2, 3), Boxes: [(2, 4)]",2,1,2,,True
map_test.txt,Consistency,"Player: (2, 2), Boxes: [(2, 4)]","Player: (2, 1), Boxes: [(2, 4)]",2,1,2,,True
map_test.txt,Consistency,"Player: (2, 2), Boxes: [(2, 4)]","Player: (3, 2), Boxes: [(2, 4)]",2,1,2,,True
map_test.txt,Consistency,"Player: (1, 2), Boxes: [(2, 4)]","Player: (1, 3), Boxes: [(2, 4)]",2,1,2,,True
map_test.txt,Consistency,"Player: (1, 2), Boxes: [(2, 4)]","Player: (1, 1), Boxes: [(2, 4)]",2,1,2,,True
map_test.txt,Consistency,"Player: (1, 2), Boxes: [(2, 4)]","Player: (2, 2), Boxes: [(2, 4)]",2,1,2,,True
map_test.txt,Consistency,"Player: (2, 3), Boxes: [(2, 4)]","Player: (1, 3), Boxes: [(2, 4)]",2,1,2,,True
map_test.txt,Consistency,"Player: (2, 3), Boxes: [(2, 4)]","Player: (2, 4), Boxes: [(2, 5)]",2,1,1,,True
map_test.txt,Consistency,"Player: (2, 3), Boxes: [(2, 4)]","Player: (2, 2), Boxes: [(2, 4)]",2,1,2,,True
map_test.txt,Consistency,"Player: (2, 3), Boxes: [(2, 4)]","Player: (3, 3), Boxes: [(2, 4)]",2,1,2,,True
map_test.txt,Consistency,"Player: (2, 1), Boxes: [(2, 4)]","Player: (1, 1), Boxes: [(2, 4)]",2,1,2,,True
map_test.txt,Consistency,"Player: (2, 1), Boxes: [(2, 4)]","Player: (2, 2), Boxes: [(2, 4)]",2,1,2,,True
map_test.txt,Consistency,"Player: (2, 1), Boxes: [(2, 4)]","Player: (3, 1), Boxes: [(2, 4)]",2,1,2,,True
map_test.txt,Consistency,"Player: (3, 2), Boxes: [(2, 4)]","Player: (2, 2), Boxes: [(2, 4)]",2,1,2,,True
map_test.txt,Consistency,"Player: (3, 2), Boxes: [(2, 4)]","Player: (3, 3), Boxes: [(2, 4)]",2,1,2,,True
map_test.txt,Consistency,"Player: (3, 2), Boxes: [(2, 4)]","Player: (3, 1), Boxes: [(2, 4)]",2,1,2,,True
map_test.txt,Consistency,"Player: (1, 3), Boxes: [(2, 4)]","Player: (1, 4), Boxes: [(2, 4)]",2,1,2,,True
map_test.txt,Consistency,"Player: (1, 3), Boxes: [(2, 4)]","Player: (1, 2), Boxes: [(2, 4)]",2,1,2,,True
map_test.txt,Consistency,"Player: (1, 3), Boxes: [(2, 4)]","Player: (2, 3), Boxes: [(2, 4)]",2,1,2,,True
map_test.txt,Consistency,"Player: (1, 1), Boxes: [(2, 4)]","Player: (1, 2), Boxes: [(2, 4)]",2,1,2,,True
map_test.txt,Consistency,"Player: (1, 1), Boxes: [(2, 4)]","Player: (2, 1), Boxes: [(2, 4)]",2,1,2,,True
map_test.txt,Consistency,"Player: (2, 4), Boxes: [(2, 5)]","Player: (1, 4), Boxes: [(2, 5)]",1,1,1,,True
map_test.txt,Consistency,"Player: (2, 4), Boxes: [(2, 5)]","Player: (2, 5), Boxes: [(2, 6)]",1,1,0,,True
map_test.txt,Consistency,"Player: (2, 4), Boxes: [(2, 5)]","Player: (2, 3), Boxes: [(2, 5)]",1,1,1,,True
map_test.txt,Consistency,"Player: (2, 4), Boxes: [(2, 5)]","Player: (3, 4), Boxes: [(2, 5)]",1,1,1,,True
map_test.txt,Consistency,"Player: (3, 3), Boxes: [(2, 4)]","Player: (2, 3), Boxes: [(2, 4)]",2,1,2,,True
map_test.txt,Consistency,"Player: (3, 3), Boxes: [(2, 4)]","Player: (3, 4), Boxes: [(2, 4)]",2,1,2,,True
map_test.txt,Consistency,"Player: (3, 3), Boxes: [(2, 4)]","Player: (3, 2), Boxes: [(2, 4)]",2,1,2,,True
map_test.txt,Consistency,"Player: (3, 1), Boxes: [(2, 4)]","Player: (2, 1), Boxes: [(2, 4)]",2,1,2,,True
map_test.txt,Consistency,"Player: (3, 1), Boxes: [(2, 4)]","Player: (3, 2), Boxes: [(2, 4)]",2,1,2,,True
map_test.txt,Consistency,"Player: (1, 4), Boxes: [(2, 4)]","Player: (1, 5), Boxes: [(2, 4)]",2,1,2,,True
map_test.txt,Consistency,"Player: (1, 4), Boxes: [(2, 4)]","Player: (1, 3), Boxes: [(2, 4)]",2,1,2,,True
map_test.txt,Consistency,"Player: (1, 4), Boxes: [(2, 5)]","Player: (1, 5), Boxes: [(2, 5)]",1,1,1,,True
map_test.txt,Consistency,"Player: (1, 4), Boxes: [(2, 5)]","Player: (1, 3), Boxes: [(2, 5)]",1,1,1,,True
map_test.txt,Consistency,"Player: (1, 4), Boxes: [(2, 5)]","Player: (2, 4), Boxes: [(2, 5)]",1,1,1,,True
map_test.txt,Consistency,"Player: (2, 5), Boxes: [(2, 6)]","Player: (1, 5), Boxes: [(2, 6)]",0,1,0,,True
map_test.txt,Consistency,"Player: (2, 5), Boxes: [(2, 6)]","Player: (2, 4), Boxes: [(2, 6)]",0,1,0,,True
map_test.txt,Consistency,"Player: (2, 5), Boxes: [(2, 6)]","Player: (3, 5), Boxes: [(2, 6)]",0,1,0,,True
map_test.txt,Consistency,"Player: (2, 3), Boxes: [(2, 5)]","Player: (1, 3), Boxes: [(2, 5)]",1,1,1,,True
map_test.txt,Consistency,"Player: (2, 3), Boxes: [(2, 5)]","Player: (2, 4), Boxes: [(2, 5)]",1,1,1,,True
map_test.txt,Consistency,"Player: (2, 3), Boxes: [(2, 5)]","Player: (2, 2), Boxes: [(2, 5)]",1,1,1,,True
map_test.txt,Consistency,"Player: (2, 3), Boxes: [(2, 5)]","Player: (3, 3), Boxes: [(2, 5)]",1,1,1,,True
map_test.txt,Consistency,"Player: (3, 4), Boxes: [(2, 5)]","Player: (2, 4), Boxes: [(2, 5)]",1,1,1,,True
map_test.txt,Consistency,"Player: (3, 4), Boxes: [(2, 5)]","Player: (3, 5), Boxes: [(2, 5)]",1,1,1,,True
map_test.txt,Consistency,"Player: (3, 4), Boxes: [(2, 5)]","Player: (3, 3), Boxes: [(2, 5)]",1,1,1,,True
map_test.txt,Consistency,"Player: (3, 4), Boxes: [(2, 4)]","Player: (3, 5), Boxes: [(2, 4)]",2,1,2,,True
map_test.txt,Consistency,"Player: (3, 4), Boxes: [(2, 4)]","Player: (3, 3), Boxes: [(2, 4)]",2,1,2,,True
map_test.txt,Consistency,"Player: (1, 5), Boxes: [(2, 4)]","Player: (1, 6), Boxes: [(2, 4)]",2,1,2,,True
map_test.txt,Consistency,"Player: (1, 5), Boxes: [(2, 4)]","Player: (1, 4), Boxes: [(2, 4)]",2,1,2,,True
map_test.txt,Consistency,"Player: (1, 5), Boxes: [(2, 4)]","Player: (2, 5), Boxes: [(2, 4)]",2,1,2,,True
map_test.txt,Consistency,"Player: (1, 5), Boxes: [(2, 5)]","Player: (1, 6), Boxes: [(2, 5)]",1,1,1,,True
map_test.txt,Consistency,"Player: (1, 5), Boxes: [(2, 5)]","Player: (1, 4), Boxes: [(2, 5)]",1,1,1,,True
map_test.txt,Consistency,"Player: (1, 3), Boxes: [(2, 5)]","Player: (1, 4), Boxes: [(2, 5)]",1,1,1,,True
map_test.txt,Consistency,"Player: (1, 3), Boxes: [(2, 5)]","Player: (1, 2), Boxes: [(2, 5)]",1,1,1,,True
map_test.txt,Consistency,"Player: (1, 3), Boxes: [(2, 5)]","Player: (2, 3), Boxes: [(2, 5)]",1,1,1,,True
map_test.txt,Consistency,"Player: (1, 5), Boxes: [(2, 6)]","Player: (1, 6), Boxes: [(2, 6)]",0,1,0,,True
map_test.txt,Consistency,"Player: (1, 5), Boxes: [(2, 6)]","Player: (1, 4), Boxes: [(2, 6)]",0,1,0,,True
map_test.txt,Consistency,"Player: (1, 5), Boxes: [(2, 6)]","Player: (2, 5), Boxes: [(2, 6)]",0,1,0,,True
map_test.txt,Consistency,"Player: (2, 4), Boxes: [(2, 6)]","Player: (1, 4), Boxes: [(2, 6)]",0,1,0,,True
map_test.txt,Consistency,"Player: (2, 4), Boxes: [(2, 6)]","Player: (2, 5), Boxes: [(2, 6)]",0,1,0,,True
map_test.txt,Consistency,"Player: (2, 4), Boxes: [(2, 6)]","Player: (2, 3), Boxes: [(2, 6)]",0,1,0,,True
map_test.txt,Consistency,"Player: (2, 4), Boxes: [(2, 6)]","Player: (3, 4), Boxes: [(2, 6)]",0,1,0,,True
map_test.txt,Consistency,"Player: (3, 5), Boxes: [(2, 6)]","Player: (2, 5), Boxes: [(2, 6)]",0,1,0,,True
map_test.txt,Consistency,"Player: (3, 5), Boxes: [(2, 6)]","Player: (3, 6), Boxes: [(2, 6)]",0,1,0,,True
map_test.txt,Consistency,"Player: (3, 5), Boxes: [(2, 6)]","Player: (3, 4), Boxes: [(2, 6)]",0,1,0,,True
map_test.txt,Consistency,"Player: (2, 2), Boxes: [(2, 5)]","Player: (1, 2), Boxes: [(2, 5)]",1,1,1,,True
map_test.txt,Consistency,"Player: (2, 2), Boxes: [(2, 5)]","Player: (2, 3), Boxes: [(2, 5)]",1,1,1,,True
map_test.txt,Consistency,"Player: (2, 2), Boxes: [(2, 5)]","Player: (2, 1), Boxes: [(2, 5)]",1,1,1,,True
map_test.txt,Consistency,"Player: (2, 2), Boxes: [(2, 5)]","Player: (3, 2), Boxes: [(2, 5)]",1,1,1,,True
map_test.txt,Consistency,"Player: (3, 3), Boxes: [(2, 5)]","Player: (2, 3), Boxes: [(2, 5)]",1,1,1,,True
map_test.txt,Consistency,"Player: (3, 3), Boxes: [(2, 5)]","Player: (3, 4), Boxes: [(2, 5)]",1,1,1,,True
map_test.txt,Consistency,"Player: (3, 3), Boxes: [(2, 5)]","Player: (3, 2), Boxes: [(2, 5)]",1,1,1,,True
map_test.txt,Consistency,"Player: (3, 5), Boxes: [(2, 5)]","Player: (3, 6), Boxes: [(2, 5)]",1,1,1,,True
map_test.txt,Consistency,"Player: (3, 5), Boxes: [(2, 5)]","Player: (3, 4), Boxes: [(2, 5)]",1,1,1,,True
map_test.txt,Consistency,"Player: (3, 5), Boxes: [(2, 4)]","Player: (2, 5), Boxes: [(2, 4)]",2,1,2,,True
map_test.txt,Consistency,"Player: (3, 5), Boxes: [(2, 4)]","Player: (3, 6), Boxes: [(2, 4)]",2,1,2,,True
map_test.txt,Consistency,"Player: (3, 5), Boxes: [(2, 4)]","Player: (3, 4), Boxes: [(2, 4)]",2,1,2,,True
map_test.txt,Consistency,"Player: (1, 6), Boxes: [(2, 4)]","Player: (1, 5), Boxes: [(2, 4)]",2,1,2,,True
map_test.txt,Consistency,"Player: (1, 6), Boxes: [(2, 4)]","Player: (2, 6), Boxes: [(2, 4)]",2,1,2,,True
map_test.txt,Consistency,"Player: (2, 5), Boxes: [(2, 4)]","Player: (1, 5), Boxes: [(2, 4)]",2,1,2,,True
map_test.txt,Consistency,"Player: (2, 5), Boxes: [(2, 4)]","Player: (2, 6), Boxes: [(2, 4)]",2,1,2,,True
map_test.txt,Consistency,"Player: (2, 5), Boxes: [(2, 4)]","Player: (2, 4), Boxes: [(2, 3)]",2,1,3,,True
map_test.txt,Consistency,"Player: (2, 5), Boxes: [(2, 4)]","Player: (3, 5), Boxes: [(2, 4)]",2,1,2,,True
map_test.txt,Consistency,"Player: (1, 6), Boxes: [(2, 5)]","Player: (1, 5), Boxes: [(2, 5)]",1,1,1,,True
map_test.txt,Consistency,"Player: (1, 6), Boxes: [(2, 5)]","Player: (2, 6), Boxes: [(2, 5)]",1,1,1,,True
map_test.txt,Consistency,"Player: (1, 2), Boxes: [(2, 5)]","Player: (1, 3), Boxes: [(2, 5)]",1,1,1,,True
map_test.txt,Consistency,"Player: (1, 2), Boxes: [(2, 5)]","Player: (1, 1), Boxes: [(2, 5)]",1,1,1,,True
map_test.txt,Consistency,"Player: (1, 2), Boxes: [(2, 5)]","Player: (2, 2), Boxes: [(2, 5)]",1,1,1,,True
map_test.txt,Consistency,"Player: (1, 6), Boxes: [(2, 6)]","Player: (1, 5), Boxes: [(2, 6)]",0,1,0,,True
map_test.txt,Consistency,"Player: (1, 4), Boxes: [(2, 6)]","Player: (1, 5), Boxes: [(2, 6)]",0,1,0,,True
map_test.txt,Consistency,"Player: (1, 4), Boxes: [(2, 6)]","Player: (1, 3), Boxes: [(2, 6)]",0,1,0,,True
map_test.txt,Consistency,"Player: (1, 4), Boxes: [(2, 6)]","Player: (2, 4), Boxes: [(2, 6)]",0,1,0,,True
map_test.txt,Consistency,"Player: (2, 3), Boxes: [(2, 6)]","Player: (1, 3), Boxes: [(2, 6)]",0,1,0,,True
map_test.txt,Consistency,"Player: (2, 3), Boxes: [(2, 6)]","Player: (2, 4), Boxes: [(2, 6)]",0,1,0,,True
map_test.txt,Consistency,"Player: (2, 3), Boxes: [(2, 6)]","Player: (2, 2), Boxes: [(2, 6)]",0,1,0,,True
map_test.txt,Consistency,"Player: (2, 3), Boxes: [(2, 6)]","Player: (3, 3), Boxes: [(2, 6)]",0,1,0,,True
map_test.txt,Consistency,"Player: (3, 4), Boxes: [(2, 6)]","Player: (2, 4), Boxes: [(2, 6)]",0,1,0,,True
map_test.txt,Consistency,"Player: (3, 4), Boxes: [(2, 6)]","Player: (3, 5), Boxes: [(2, 6)]",0,1,0,,True
map_test.txt,Consistency,"Player: (3, 4), Boxes: [(2, 6)]","Player: (3, 3), Boxes: [(2, 6)]",0,1,0,,True
map_test.txt,Consistency,"Player: (3, 6), Boxes: [(2, 6)]","Player: (3, 5), Boxes: [(2, 6)]",0,1,0,,True
map_test.txt,Consistency,"Player: (2, 1), Boxes: [(2, 5)]","Player: (1, 1), Boxes: [(2, 5)]",1,1,1,,True
map_test.txt,Consistency,"Player: (2, 1), Boxes: [(2, 5)]","Player: (2, 2), Boxes: [(2, 5)]",1,1,1,,True
map_test.txt,Consistency,"Player: (2, 1), Boxes: [(2, 5)]","Player: (3, 1), Boxes: [(2, 5)]",1,1,1,,True
map_test.txt,Consistency,"Player: (3, 2), Boxes: [(2, 5)]","Player: (2, 2), Boxes: [(2, 5)]",1,1,1,,True
map_test.txt,Consistency,"Player: (3, 2), Boxes: [(2, 5)]","Player: (3, 3), Boxes: [(2, 5)]",1,1,1,,True
map_test.txt,Consistency,"Player: (3, 2), Boxes: [(2, 5)]","Player: (3, 1), Boxes: [(2, 5)]",1,1,1,,True
map_test.txt,Consistency,"Player: (3, 6), Boxes: [(2, 5)]","Player: (2, 6), Boxes: [(2, 5)]",1,1,1,,True
map_test.txt,Consistency,"Player: (3, 6), Boxes: [(2, 5)]","Player: (3, 5), Boxes: [(2, 5)]",1,1,1,,True
map_test.txt,Consistency,"Player: (3, 6), Boxes: [(2, 4)]","Player: (2, 6), Boxes: [(2, 4)]",2,1,2,,True
map_test.txt,Consistency,"Player: (3, 6), Boxes: [(2, 4)]","Player: (3, 5), Boxes: [(2, 4)]",2,1,2,,True
map_test.txt,Consistency,"Player: (2, 6), Boxes: [(2, 4)]","Player: (1, 6), Boxes: [(2, 4)]",2,1,2,,True
map_test.txt,Consistency,"Player: (2, 6), Boxes: [(2, 4)]","Player: (2, 5), Boxes: [(2, 4)]",2,1,2,,True
map_test.txt,Consistency,"Player: (2, 6), Boxes: [(2, 4)]","Player: (3, 6), Boxes: [(2, 4)]",2,1,2,,True
map_two_boxes.txt,GoalZero,"Player: (3, 5), Boxes: [(2, 6), (3, 6)]",,0,,,0,True
map_two_boxes.txt,Admissibility,"Player: (3, 2), Boxes: [(2, 4), (3, 4)]",,4,,,8,True
map_two_boxes.txt,Admissibility,"Player: (1, 5), Boxes: [(2, 5), (3, 4)]",,3,,,8,True
map_two_boxes.txt,Admissibility,"Player: (1, 5), Boxes: [(2, 6), (3, 4)]",,2,,,6,True
map_two_boxes.txt,Admissibility,"Player: (2, 2), Boxes: [(2, 5), (3, 4)]",,3,,,7,True
map_two_boxes.txt,Admissibility,"Player: (2, 3), Boxes: [(2, 5), (3, 4)]",,3,,,6,True
map_two_boxes.txt,Admissibility,"Player: (2, 3), Boxes: [(2, 6), (3, 4)]",,2,,,3,True
map_two_boxes.txt,Admissibility,"Player: (4, 1), Boxes: [(2, 4), (3, 4)]",,4,,,10,True
map_two_boxes.txt,Admissibility,"Player: (1, 3), Boxes: [(2, 4), (3, 4)]",,4,,,8,True
map_two_boxes.txt,Admissibility,"Player: (3, 4), Boxes: [(2, 4), (3, 5)]",,3,,,6,True
map_two_boxes.txt,Admissibility,"Player: (4, 2), Boxes: [(2, 4), (3, 4)]",,4,,,9,True
map_two_boxes.txt,Admissibility,"Player: (2, 1), Boxes: [(2, 4), (3, 4)]",,4,,,9,True
map_two_boxes.txt,Admissibility,"Player: (1, 6), Boxes: [(2, 4), (3, 4)]",,4,,,11,True
map_two_boxes.txt,Admissibility,"Player: (1, 1), Boxes: [(2, 4), (3, 4)]",,4,,,10,True
map_two_boxes.txt,Admissibility,"Player: (4, 3), Boxes: [(2, 4), (3, 4)]",,4,,,8,True
map_two_boxes.txt,Admissibility,"Player: (1, 3), Boxes: [(2, 5), (3, 4)]",,3,,,7,True
map_two_boxes.txt,Admissibility,"Player: (3, 1), Boxes: [(2, 4), (3, 4)]",,4,,,9,True
map_two_boxes.txt,Admissibility,"Player: (1, 2), Boxes: [(2, 4), (3, 4)]",,4,,,9,True
map_two_boxes.txt,Admissibility,"Player: (3, 6), Boxes: [(2, 6), (3, 4)]",,2,,,7,True
map_two_boxes.txt,Admissibility,"Player: (4, 4), Boxes: [(2, 4), (3, 4)]",,4,,,9,True
map_two_boxes.txt,Admissibility,"Player: (3, 5), Boxes: [(2, 6), (3, 4)]",,2,,,6,True
map_two_boxes.txt,Admissibility,"Player: (3, 3), Boxes: [(2, 4), (3, 4)]",,4,,,7,True
map_two_boxes.txt,Admissibility,"Player: (1, 6), Boxes: [(2, 5), (3, 4)]",,3,,,9,True
map_two_boxes.txt,Admissibility,"Player: (1, 4), Boxes: [(2, 4), (3, 4)]",,4,,,9,True
map_two_boxes.txt,Admissibility,"Player: (1, 6), Boxes: [(2, 6), (3, 4)]",,2,,,7,True
map_two_boxes.txt,Admissibility,"Player: (2, 5), Boxes: [(2, 4), (3, 4)]",,4,,,11,True
map_two_boxes.txt,Admissibility,"Player: (4, 4), Boxes: [(2, 4), (3, 5)]",,3,,,7,True
map_two_boxes.txt,Admissibility,"Player: (1, 2), Boxes: [(2, 5), (3, 4)]",,3,,,8,True
map_two_boxes.txt,Admissibility,"Player: (3, 3), Boxes: [(2, 5), (3, 4)]",,3,,,5,True
map_two_boxes.txt,Admissibility,"Player: (3, 3), Boxes: [(2, 4), (3, 5)]",,3,,,6,True
map_two_boxes.txt,Admissibility,"Player: (2, 5), Boxes: [(2, 6), (3, 4)]",,2,,,5,True
map_two_boxes.txt,Admissibility,"Player: (3, 4), Boxes: [(2, 6), (3, 3)]",,3,,,7,True
map_two_boxes.txt,Admissibility,"Player: (2, 4), Boxes: [(2, 5), (3, 4)]",,3,,,6,True
map_two_boxes.txt,Admissibility,"Player: (1, 4), Boxes: [(2, 5), (3, 4)]",,3,,,7,True
map_two_boxes.txt,Admissibility,"Player: (2, 2), Boxes: [(2, 4), (3, 4)]",,4,,,8,True
map_two_boxes.txt,Admissibility,"Player: (2, 4), Boxes: [(2, 6), (3, 4)]",,2,,,4,True
map_two_boxes.txt,Admissibility,"Player: (1, 4), Boxes: [(2, 6), (3, 4)]",,2,,,5,True
map_two_boxes.txt,Admissibility,"Player: (1, 5), Boxes: [(2, 4), (3, 4)]",,4,,,10,True
map_two_boxes.txt,Admissibility,"Player: (3, 5), Boxes: [(2, 4), (3, 6)]",,2,,,5,True
map_two_boxes.txt,Admissibility,"Player: (2, 5), Boxes: [(3, 4), (3, 5)]",,4,,,12,True
map_two_boxes.txt,Admissibility,"Player: (2, 3), Boxes: [(2, 4), (3, 4)]",,4,,,7,True
map_two_boxes.txt,Consistency,"Player: (2, 2), Boxes: [(2, 4), (3, 4)]","Player: (1, 2), Boxes: [(2, 4), (3, 4)]",4,1,4,,True
map_two_boxes.txt,Consistency,"Player: (2, 2), Boxes: [(2, 4), (3, 4)]","Player: (2, 3), Boxes: [(2, 4), (3, 4)]",4,1,4,,True
map_two_boxes.txt,Consistency,"Player: (2, 2), Boxes: [(2, 4), (3, 4)]","Player: (2, 1), Boxes: [(2, 4), (3, 4)]",4,1,4,,True
map_two_boxes.txt,Consistency,"Player: (2, 2), Boxes: [(2, 4), (3, 4)]","Player: (3, 2), Boxes: [(2, 4), (3, 4)]",4,1,4,,True
map_two_boxes.txt,Consistency,"Player: (1, 2), Boxes: [(2, 4), (3, 4)]","Player: (1, 3), Boxes: [(2, 4), (3, 4)]",4,1,4,,True
map_two_boxes.txt,Consistency,"Player: (1, 2), Boxes: [(2, 4), (3, 4)]","Player: (1, 1), Boxes: [(2, 4), (3, 4)]",4,1,4,,True
map_two_boxes.txt,Consistency,"Player: (1, 2), Boxes: [(2, 4), (3, 4)]","Player: (2, 2), Boxes: [(2, 4), (3, 4)]",4,1,4,,True
map_two_boxes.txt,Consistency,"Player: (2, 3), Boxes: [(2, 4), (3, 4)]","Player: (1, 3), Boxes: [(2, 4), (3, 4)]",4,1,4,,True
map_two_boxes.txt,Consistency,"Player: (2, 3), Boxes: [(2, 4), (3, 4)]","Player: (2, 4), Boxes: [(2, 5), (3, 4)]",4,1,3,,True
map_two_boxes.txt,Consistency,"Player: (2, 3), Boxes: [(2, 4), (3, 4)]","Player: (2, 2), Boxes: [(2, 4), (3, 4)]",4,1,4,,True
map_two_boxes.txt,Consistency,"Player: (2, 3), Boxes: [(2, 4), (3, 4)]","Player: (3, 3), Boxes: [(2, 4), (3, 4)]",4,1,4,,True
map_two_boxes.txt,Consistency,"Player: (2, 1), Boxes: [(2, 4), (3, 4)]","Player: (1, 1), Boxes: [(2, 4), (3, 4)]",4,1,4,,True
map_two_boxes.txt,Consistency,"Player: (2, 1), Boxes: [(2, 4), (3, 4)]","Player: (2, 2), Boxes: [(2, 4), (3, 4)]",4,1,4,,True
map_two_boxes.txt,Consistency,"Player: (2, 1), Boxes: [(2, 4), (3, 4)]","Player: (3, 1), Boxes: [(2, 4), (3, 4)]",4,1,4,,True
map_two_boxes.txt,Consistency,"Player: (3, 2), Boxes: [(2, 4), (3, 4)]","Player: (2, 2), Boxes: [(2, 4), (3, 4)]",4,1,4,,True
map_two_boxes.txt,Consistency,"Player: (3, 2), Boxes: [(2, 4), (3, 4)]","Player: (3, 3), Boxes: [(2, 4), (3, 4)]",4,1,4,,True
map_two_boxes.txt,Consistency,"Player: (3, 2), Boxes: [(2, 4), (3, 4)]","Player: (3, 1), Boxes: [(2, 4), (3, 4)]",4,1,4,,True
map_two_boxes.txt,Consistency,"Player: (3, 2), Boxes: [(2, 4), (3, 4)]","Player: (4, 2), Boxes: [(2, 4), (3, 4)]",4,1,4,,True
map_two_boxes.txt,Consistency,"Player: (1, 3), Boxes: [(2, 4), (3, 4)]","Player: (1, 4), Boxes: [(2, 4), (3, 4)]",4,1,4,,True
map_two_boxes.txt,Consistency,"Player: (1, 3), Boxes: [(2, 4), (3, 4)]","Player: (1, 2), Boxes: [(2, 4), (3, 4)]",4,1,4,,True
map_two_boxes.txt,Consistency,"Player: (1, 3), Boxes: [(2, 4), (3, 4)]","Player: (2, 3), Boxes: [(2, 4), (3, 4)]",4,1,4,,True
map_two_boxes.txt,Consistency,"Player: (1, 1), Boxes: [(2, 4), (3, 4)]","Player: (1, 2), Boxes: [(2, 4), (3, 4)]",4,1,4,,True
map_two_boxes.txt,Consistency,"Player: (1, 1), Boxes: [(2, 4), (3, 4)]","Player: (2, 1), Boxes: [(2, 4), (3, 4)]",4,1,4,,True
map_two_boxes.txt,Consistency,"Player: (2, 4), Boxes: [(2, 5), (3, 4)]","Player: (1, 4), Boxes: [(2, 5), (3, 4)]",3,1,3,,True
map_two_boxes.txt,Consistency,"Player: (2, 4), Boxes: [(2, 5), (3, 4)]","Player: (2, 5), Boxes: [(2, 6), (3, 4)]",3,1,2,,True
map_two_boxes.txt,Consistency,"Player: (2, 4), Boxes: [(2, 5), (3, 4)]","Player: (2, 3), Boxes: [(2, 5), (3, 4)]",3,1,3,,True
map_two_boxes.txt,Consistency,"Player: (3, 3), Boxes: [(2, 4), (3, 4)]","Player: (2, 3), Boxes: [(2, 4), (3, 4)]",4,1,4,,True
map_two_boxes.txt,Consistency,"Player: (3, 3), Boxes: [(2, 4), (3, 4)]","Player: (3, 4), Boxes: [(2, 4), (3, 5)]",4,1,3,,True
map_two_boxes.txt,Consistency,"Player: (3, 3), Boxes: [(2, 4), (3, 4)]","Player: (3, 2), Boxes: [(2, 4), (3, 4)]",4,1,4,,True
map_two_boxes.txt,Consistency,"Player: (3, 3), Boxes: [(2, 4), (3, 4)]","Player: (4, 3), Boxes: [(2, 4), (3, 4)]",4,1,4,,True
map_two_boxes.txt,Consistency,"Player: (3, 1), Boxes: [(2, 4), (3, 4)]","Player: (2, 1), Boxes: [(2, 4), (3, 4)]",4,1,4,,True
map_two_boxes.txt,Consistency,"Player: (3, 1), Boxes: [(2, 4), (3, 4)]","Player: (3, 2), Boxes: [(2, 4), (3, 4)]",4,1,4,,True
map_two_boxes.txt,Consistency,"Player: (3, 1), Boxes: [(2, 4), (3, 4)]","Player: (4, 1), Boxes: [(2, 4), (3, 4)]",4,1,4,,True
map_two_boxes.txt,Consistency,"Player: (4, 2), Boxes: [(2, 4), (3, 4)]","Player: (3, 2), Boxes: [(2, 4), (3, 4)]",4,1,4,,True
map_two_boxes.txt,Consistency,"Player: (4, 2), Boxes: [(2, 4), (3, 4)]","Player: (4, 3), Boxes: [(2, 4), (3, 4)]",4,1,4,,True
map_two_boxes.txt,Consistency,"Player: (4, 2), Boxes: [(2, 4), (3, 4)]","Player: (4, 1), Boxes: [(2, 4), (3, 4)]",4,1,4,,True
map_two_boxes.txt,Consistency,"Player: (1, 4), Boxes: [(2, 4), (3, 4)]","Player: (1, 5), Boxes: [(2, 4), (3, 4)]",4,1,4,,True
map_two_boxes.txt,Consistency,"Player: (1, 4), Boxes: [(2, 4), (3, 4)]","Player: (1, 3), Boxes: [(2, 4), (3, 4)]",4,1,4,,True
map_two_boxes.txt,Consistency,"Player: (1, 4), Boxes: [(2, 5), (3, 4)]","Player: (1, 5), Boxes: [(2, 5), (3, 4)]",3,1,3,,True
map_two_boxes.txt,Consistency,"Player: (1, 4), Boxes: [(2, 5), (3, 4)]","Player: (1, 3), Boxes: [(2, 5), (3, 4)]",3,1,3,,True
map_two_boxes.txt,Consistency,"Player: (1, 4), Boxes: [(2, 5), (3, 4)]","Player: (2, 4), Boxes: [(2, 5), (3, 4)]",3,1,3,,True
map_two_boxes.txt,Consistency,"Player: (2, 5), Boxes: [(2, 6), (3, 4)]","Player: (1, 5), Boxes: [(2, 6), (3, 4)]",2,1,2,,True
map_two_boxes.txt,Consistency,"Player: (2, 5), Boxes: [(2, 6), (3, 4)]","Player: (2, 4), Boxes: [(2, 6), (3, 4)]",2,1,2,,True
map_two_boxes.txt,Consistency,"Player: (2, 5), Boxes: [(2, 6), (3, 4)]","Player: (3, 5), Boxes: [(2, 6), (3, 4)]",2,1,2,,True
map_two_boxes.txt,Consistency,"Player: (2, 3), Boxes: [(2, 5), (3, 4)]","Player: (1, 3), Boxes: [(2, 5), (3, 4)]",3,1,3,,True
map_two_boxes.txt,Consistency,"Player: (2, 3), Boxes: [(2, 5), (3, 4)]","Player: (2, 4), Boxes: [(2, 5), (3, 4)]",3,1,3,,True
map_two_boxes.txt,Consistency,"Player: (2, 3), Boxes: [(2, 5), (3, 4)]","Player: (2, 2), Boxes: [(2, 5), (3, 4)]",3,1,3,,True
map_two_boxes.txt,Consistency,"Player: (2, 3), Boxes: [(2, 5), (3, 4)]","Player: (3, 3), Boxes: [(2, 5), (3, 4)]",3,1,3,,True
map_two_boxes.txt,Consistency,"Player: (3, 4), Boxes: [(2, 4), (3, 5)]","Player: (3, 5), Boxes: [(2, 4), (3, 6)]",3,1,2,,True
map_two_boxes.txt,Consistency,"Player: (3, 4), Boxes: [(2, 4), (3, 5)]","Player: (3, 3), Boxes: [(2, 4), (3, 5)]",3,1,3,,True
map_two_boxes.txt,Consistency,"Player: (3, 4), Boxes: [(2, 4), (3, 5)]","Player: (4, 4), Boxes: [(2, 4), (3, 5)]",3,1,3,,True
map_two_boxes.txt,Consistency,"Player: (4, 3), Boxes: [(2, 4), (3, 4)]","Player: (3, 3), Boxes: [(2, 4), (3, 4)]",4,1,4,,True
map_two_boxes.txt,Consistency,"Player: (4, 3), Boxes: [(2, 4), (3, 4)]","Player: (4, 4), Boxes: [(2, 4), (3, 4)]",4,1,4,,True
map_two_boxes.txt,Consistency,"Player: (4, 3), Boxes: [(2, 4), (3, 4)]","Player: (4, 2), Boxes: [(2, 4), (3, 4)]",4,1,4,,True
map_two_boxes.txt,Consistency,"Player: (4, 1), Boxes: [(2, 4), (3, 4)]","Player: (3, 1), Boxes: [(2, 4), (3, 4)]",4,1,4,,True
map_two_boxes.txt,Consistency,"Player: (4, 1), Boxes: [(2, 4), (3, 4)]","Player: (4, 2), Boxes: [(2, 4), (3, 4)]",4,1,4,,True
map_two_boxes.txt,Consistency,"Player: (1, 5), Boxes: [(2, 4), (3, 4)]","Player: (1, 6), Boxes: [(2, 4), (3, 4)]",4,1,4,,True
map_two_boxes.txt,Consistency,"Player: (1, 5), Boxes: [(2, 4), (3, 4)]","Player: (1, 4), Boxes: [(2, 4), (3, 4)]",4,1,4,,True
map_two_boxes.txt,Consistency,"Player: (1, 5), Boxes: [(2, 4), (3, 4)]","Player: (2, 5), Boxes: [(2, 4), (3, 4)]",4,1,4,,True
map_two_boxes.txt,Consistency,"Player: (1, 5), Boxes: [(2, 5), (3, 4)]","Player: (1, 6), Boxes: [(2, 5), (3, 4)]",3,1,3,,True
map_two_boxes.txt,Consistency,"Player: (1, 5), Boxes: [(2, 5), (3, 4)]","Player: (1, 4), Boxes: [(2, 5), (3, 4)]",3,1,3,,True
map_two_boxes.txt,Consistency,"Player: (1, 5), Boxes: [(2, 5), (3, 4)]","Player: (2, 5), Boxes: [(3, 4), (3, 5)]",3,1,4,,True
map_two_boxes.txt,Consistency,"Player: (1, 3), Boxes: [(2, 5), (3, 4)]","Player: (1, 4), Boxes: [(2, 5), (3, 4)]",3,1,3,,True
map_two_boxes.txt,Consistency,"Player: (1, 3), Boxes: [(2, 5), (3, 4)]","Player: (1, 2), Boxes: [(2, 5), (3, 4)]",3,1,3,,True
map_two_boxes.txt,Consistency,"Player: (1, 3), Boxes: [(2, 5), (3, 4)]","Player: (2, 3), Boxes: [(2, 5), (3, 4)]",3,1,3,,True
map_two_boxes.txt,Consistency,"Player: (1, 5), Boxes: [(2, 6), (3, 4)]","Player: (1, 6), Boxes: [(2, 6), (3, 4)]",2,1,2,,True
map_two_boxes.txt,Consistency,"Player: (1, 5), Boxes: [(2, 6), (3, 4)]","Player: (1, 4), Boxes: [(2, 6), (3, 4)]",2,1,2,,True
map_two_boxes.txt,Consistency,"Player: (1, 5), Boxes: [(2, 6), (3, 4)]","Player: (2, 5), Boxes: [(2, 6), (3, 4)]",2,1,2,,True
map_two_boxes.txt,Consistency,"Player: (2, 4), Boxes: [(2, 6), (3, 4)]","Player: (1, 4), Boxes: [(2, 6), (3, 4)]",2,1,2,,True
map_two_boxes.txt,Consistency,"Player: (2, 4), Boxes: [(2, 6), (3, 4)]","Player: (2, 5), Boxes: [(2, 6), (3, 4)]",2,1,2,,True
map_two_boxes.txt,Consistency,"Player: (2, 4), Boxes: [(2, 6), (3, 4)]","Player: (2, 3), Boxes: [(2, 6), (3, 4)]",2,1,2,,True
map_two_boxes.txt,Consistency,"Player: (3, 5), Boxes: [(2, 6), (3, 4)]","Player: (2, 5), Boxes: [(2, 6), (3, 4)]",2,1,2,,True
map_two_boxes.txt,Consistency,"Player: (3, 5), Boxes: [(2, 6), (3, 4)]","Player: (3, 6), Boxes: [(2, 6), (3, 4)]",2,1,2,,True
map_two_boxes.txt,Consistency,"Player: (3, 5), Boxes: [(2, 6), (3, 4)]","Player: (3, 4), Boxes: [(2, 6), (3, 3)]",2,1,3,,True
map_two_boxes.txt,Consistency,"Player: (3, 5), Boxes: [(2, 6), (3, 4)]","Player: (4, 5), Boxes: [(2, 6), (3, 4)]",2,1,2,,True
map_two_boxes.txt,Consistency,"Player: (2, 2), Boxes: [(2, 5), (3, 4)]","Player: (1, 2), Boxes: [(2, 5), (3, 4)]",3,1,3,,True
map_two_boxes.txt,Consistency,"Player: (2, 2), Boxes: [(2, 5), (3, 4)]","Player: (2, 3), Boxes: [(2, 5), (3, 4)]",3,1,3,,True
map_two_boxes.txt,Consistency,"Player: (2, 2), Boxes: [(2, 5), (3, 4)]","Player: (2, 1), Boxes: [(2, 5), (3, 4)]",3,1,3,,True
map_two_boxes.txt,Consistency,"Player: (2, 2), Boxes: [(2, 5), (3, 4)]","Player: (3, 2), Boxes: [(2, 5), (3, 4)]",3,1,3,,True
map_two_boxes.txt,Consistency,"Player: (3, 3), Boxes: [(2, 5), (3, 4)]","Player: (2, 3), Boxes: [(2, 5), (3, 4)]",3,1,3,,True
map_two_boxes.txt,Consistency,"Player: (3, 3), Boxes: [(2, 5), (3, 4)]","Player: (3, 4), Boxes: [(2, 5), (3, 5)]",3,1,2,,True
map_two_boxes.txt,Consistency,"Player: (3, 3), Boxes: [(2, 5), (3, 4)]","Player: (3, 2), Boxes: [(2, 5), (3, 4)]",3,1,3,,True
map_two_boxes.txt,Consistency,"Player: (3, 3), Boxes: [(2, 5), (3, 4)]","Player: (4, 3), Boxes: [(2, 5), (3, 4)]",3,1,3,,True
map_two_boxes.txt,Consistency,"Player: (3, 5), Boxes: [(2, 4), (3, 6)]","Player: (2, 5), Boxes: [(2, 4), (3, 6)]",2,1,2,,True
map_two_boxes.txt,Consistency,"Player: (3, 5), Boxes: [(2, 4), (3, 6)]","Player: (3, 4), Boxes: [(2, 4), (3, 6)]",2,1,2,,True
map_two_boxes.txt,Consistency,"Player: (3, 5), Boxes: [(2, 4), (3, 6)]","Player: (4, 5), Boxes: [(2, 4), (3, 6)]",2,1,2,,True
map_two_boxes.txt,Consistency,"Player: (3, 3), Boxes: [(2, 4), (3, 5)]","Player: (2, 3), Boxes: [(2, 4), (3, 5)]",3,1,3,,True
map_two_boxes.txt,Consistency,"Player: (3, 3), Boxes: [(2, 4), (3, 5)]","Player: (3, 4), Boxes: [(2, 4), (3, 5)]",3,1,3,,True
map_two_boxes.txt,Consistency,"Player: (3, 3), Boxes: [(2, 4), (3, 5)]","Player: (3, 2), Boxes: [(2, 4), (3, 5)]",3,1,3,,True
map_two_boxes.txt,Consistency,"Player: (3, 3), Boxes: [(2, 4), (3, 5)]","Player: (4, 3), Boxes: [(2, 4), (3, 5)]",3,1,3,,True
map_two_boxes.txt,Consistency,"Player: (4, 4), Boxes: [(2, 4), (3, 5)]","Player: (3, 4), Boxes: [(2, 4), (3, 5)]",3,1,3,,True
map_two_boxes.txt,Consistency,"Player: (4, 4), Boxes: [(2, 4), (3, 5)]","Player: (4, 5), Boxes: [(2, 4), (3, 5)]",3,1,3,,True
map_two_boxes.txt,Consistency,"Player: (4, 4), Boxes: [(2, 4), (3, 5)]","Player: (4, 3), Boxes: [(2, 4), (3, 5)]",3,1,3,,True
map_two_boxes.txt,Consistency,"Player: (4, 4), Boxes: [(2, 4), (3, 4)]","Player: (4, 5), Boxes: [(2, 4), (3, 4)]",4,1,4,,True
map_two_boxes.txt,Consistency,"Player: (4, 4), Boxes: [(2, 4), (3, 4)]","Player: (4, 3), Boxes: [(2, 4), (3, 4)]",4,1,4,,True
map_two_boxes.txt,Consistency,"Player: (1, 6), Boxes: [(2, 4), (3, 4)]","Player: (1, 7), Boxes: [(2, 4), (3, 4)]",4,1,4,,True
map_two_boxes.txt,Consistency,"Player: (1, 6), Boxes: [(2, 4), (3, 4)]","Player: (1, 5), Boxes: [(2, 4), (3, 4)]",4,1,4,,True
map_two_boxes.txt,Consistency,"Player: (1, 6), Boxes: [(2, 4), (3, 4)]","Player: (2, 6), Boxes: [(2, 4), (3, 4)]",4,1,4,,True
map_two_boxes.txt,Consistency,"Player: (2, 5), Boxes: [(2, 4), (3, 4)]","Player: (1, 5), Boxes: [(2, 4), (3, 4)]",4,1,4,,True
map_two_boxes.txt,Consistency,"Player: (2, 5), Boxes: [(2, 4), (3, 4)]","Player: (2, 6), Boxes: [(2, 4), (3, 4)]",4,1,4,,True
map_two_boxes.txt,Consistency,"Player: (2, 5), Boxes: [(2, 4), (3, 4)]","Player: (2, 4), Boxes: [(2, 3), (3, 4)]",4,1,5,,True
map_two_boxes.txt,Consistency,"Player: (2, 5), Boxes: [(2, 4), (3, 4)]","Player: (3, 5), Boxes: [(2, 4), (3, 4)]",4,1,4,,True
map_two_boxes.txt,Consistency,"Player: (1, 6), Boxes: [(2, 5), (3, 4)]","Player: (1, 7), Boxes: [(2, 5), (3, 4)]",3,1,3,,True
map_two_boxes.txt,Consistency,"Player: (1, 6), Boxes: [(2, 5), (3, 4)]","Player: (1, 5), Boxes: [(2, 5), (3, 4)]",3,1,3,,True
map_two_boxes.txt,Consistency,"Player: (1, 6), Boxes: [(2, 5), (3, 4)]","Player: (2, 6), Boxes: [(2, 5), (3, 4)]",3,1,3,,True
map_two_boxes.txt,Consistency,"Player: (2, 5), Boxes: [(3, 4), (3, 5)]","Player: (1, 5), Boxes: [(3, 4), (3, 5)]",4,1,4,,True
map_two_boxes.txt,Consistency,"Player: (2, 5), Boxes: [(3, 4), (3, 5)]","Player: (2, 6), Boxes: [(3, 4), (3, 5)]",4,1,4,,True
map_two_boxes.txt,Consistency,"Player: (2, 5), Boxes: [(3, 4), (3, 5)]","Player: (2, 4), Boxes: [(3, 4), (3, 5)]",4,1,4,,True
map_two_boxes.txt,Consistency,"Player: (1, 2), Boxes: [(2, 5), (3, 4)]","Player: (1, 3), Boxes: [(2, 5), (3, 4)]",3,1,3,,True
map_two_boxes.txt,Consistency,"Player: (1, 2), Boxes: [(2, 5), (3, 4)]","Player: (1, 1), Boxes: [(2, 5), (3, 4)]",3,1,3,,True
map_two_boxes.txt,Consistency,"Player: (1, 2), Boxes: [(2, 5), (3, 4)]","Player: (2, 2), Boxes: [(2, 5), (3, 4)]",3,1,3,,True
map_two_boxes.txt,Consistency,"Player: (1, 6), Boxes: [(2, 6), (3, 4)]","Player: (1, 7), Boxes: [(2, 6), (3, 4)]",2,1,2,,True
map_two_boxes.txt,Consistency,"Player: (1, 6), Boxes: [(2, 6), (3, 4)]","Player: (1, 5), Boxes: [(2, 6), (3, 4)]",2,1,2,,True
map_two_boxes.txt,Consistency,"Player: (1, 6), Boxes: [(2, 6), (3, 4)]","Player: (2, 6), Boxes: [(3, 4), (3, 6)]",2,1,3,,True
map_two_boxes.txt,Consistency,"Player: (1, 4), Boxes: [(2, 6), (3, 4)]","Player: (1, 5), Boxes: [(2, 6), (3, 4)]",2,1,2,,True
map_two_boxes.txt,Consistency,"Player: (1, 4), Boxes: [(2, 6), (3, 4)]","Player: (1, 3), Boxes: [(2, 6), (3, 4)]",2,1,2,,True
map_two_boxes.txt,Consistency,"Player: (1, 4), Boxes: [(2, 6), (3, 4)]","Player: (2, 4), Boxes: [(2, 6), (3, 4)]",2,1,2,,True
map_two_boxes.txt,Consistency,"Player: (2, 3), Boxes: [(2, 6), (3, 4)]","Player: (1, 3), Boxes: [(2, 6), (3, 4)]",2,1,2,,True
map_two_boxes.txt,Consistency,"Player: (2, 3), Boxes: [(2, 6), (3, 4)]","Player: (2, 4), Boxes: [(2, 6), (3, 4)]",2,1,2,,True
map_two_boxes.txt,Consistency,"Player: (2, 3), Boxes: [(2, 6), (3, 4)]","Player: (2, 2), Boxes: [(2, 6), (3, 4)]",2,1,2,,True
map_two_boxes.txt,Consistency,"Player: (2, 3), Boxes: [(2, 6), (3, 4)]","Player: (3, 3), Boxes: [(2, 6), (3, 4)]",2,1,2,,True
map_two_boxes.txt,Consistency,"Player: (3, 6), Boxes: [(2, 6), (3, 4)]","Player: (3, 7), Boxes: [(2, 6), (3, 4)]",2,1,2,,True
map_two_boxes.txt,Consistency,"Player: (3, 6), Boxes: [(2, 6), (3, 4)]","Player: (3, 5), Boxes: [(2, 6), (3, 4)]",2,1,2,,True
map_two_boxes.txt,Consistency,"Player: (3, 6), Boxes: [(2, 6), (3, 4)]","Player: (4, 6), Boxes: [(2, 6), (3, 4)]",2,1,2,,True
map_two_boxes.txt,Consistency,"Player: (3, 4), Boxes: [(2, 6), (3, 3)]","Player: (2, 4), Boxes: [(2, 6), (3, 3)]",3,1,3,,True
map_two_boxes.txt,Consistency,"Player: (3, 4), Boxes: [(2, 6), (3, 3)]","Player: (3, 5), Boxes: [(2, 6), (3, 3)]",3,1,3,,True
map_two_boxes.txt,Consistency,"Player: (3, 4), Boxes: [(2, 6), (3, 3)]","Player: (3, 3), Boxes: [(2, 6), (3, 2)]",3,1,4,,True
map_two_boxes.txt,Consistency,"Player: (3, 4), Boxes: [(2, 6), (3, 3)]","Player: (4, 4), Boxes: [(2, 6), (3, 3)]",3,1,3,,True
